"Timestamp","1. Gender","2. What is your current level of study?","3. How many years have you stayed (or did you stay) in the hall?","4. How many students live in your room (including squatters)?","5. How would you rate the condition of each of the following in your hall? [Structural condition (walls, ceiling, roofing, doors, windows, locks)]","5. How would you rate the condition of each of the following in your hall? [Toilets and bathrooms]","5. How would you rate the condition of each of the following in your hall? [Water supply]","5. How would you rate the condition of each of the following in your hall? [Electricity supply (including wiring and lighting)]","5. How would you rate the condition of each of the following in your hall? [Plumbing and drainage]","5. How would you rate the condition of each of the following in your hall? [Cleanliness and waste disposal]","5. How would you rate the condition of each of the following in your hall? [Ventilation, security and fire safety]","6. How often does each of these break down in a semester? [Water supply or pumps]","6. How often does each of these break down in a semester? [Electricity or lighting]","7. Do you know the official person or office to report a maintenance problem to in your hall?","8. When maintenance issues occur (e.g., broken pipes, faulty lights, blocked drainage), how quickly are they usually fixed?","9. To what extent do you agree with each statement about your hall? [The university is responsible for keeping hall facilities in good condition for students.]","9. To what extent do you agree with each statement about your hall? [There are clear rules on shared facility use, and students who misuse them are warned or sanctioned.]","9. To what extent do you agree with each statement about your hall? [Students (e.g., through hall executives or block representatives) take part in caring for and monitoring hall facilities.]","9. To what extent do you agree with each statement about your hall? [My hall has a clear system for submitting and tracking complaints (e.g., an online form or logbook).]","9. To what extent do you agree with each statement about your hall? [Hall management has enough money to maintain the hall properly.]","10. How much have conditions in your hall affected the following? [Academic performance (studying, concentration, etc)]","10. How much have conditions in your hall affected the following? [Health and rest (sleep and wellbeing)]","11. Overall, how satisfied are you with how your hall is maintained by the university?","12. What is the ONE  maintenance problem in your hostel that you would like the university to fix","13. Briefly, why is this the most urgent problem? (Optional)"
"2026/09/21 3:22:12 PM GMT+1","Male","500 Level","3-4 years","5-6","Poor","Very Poor","Fair","Good","Good","Poor","Good","2-3 times","Once","Yes","Never fixed","Strongly Agree","Strongly Agree","Strongly Agree","Agree","Agree","Moderate effect","Very strong effect","Very Dissatisfied","Toilets and bathrooms",""
"2026/09/21 3:33:06 PM GMT+1","Male","500 Level","1-2 years","3-4","Good","Fair","Good","Fair","Good","Fair","Fair","2-3 times","2-3 times","No","Within a week","Strongly Agree","Agree","Agree","Neutral","Neutral","Slight effect","Moderate effect","Neutral","Toilets and bathrooms",""
"2026/09/21 4:24:58 PM GMT+1","Male","400 Level","1-2 years","3-4","Fair","Very Poor","Fair","Good","Poor","Fair","Good","4-5 times","4-5 times","Yes","Within a week","Strongly Agree","Neutral","Agree","Disagree","Neutral","Moderate effect","Moderate effect","Very Dissatisfied","Toilets and bathrooms","Leads to spread of infections"
"2026/09/21 4:27:10 PM GMT+1","Female","500 Level","1-2 years","3-4","Good","Poor","Fair","Fair","Fair","Fair","Fair","More than 5 times","2-3 times","No","After several months","Strongly Agree","Strongly Agree","Agree","Neutral","Neutral","Strong effect","Strong effect","Dissatisfied","Toilets and bathrooms",""
"2026/09/21 4:32:27 PM GMT+1","Male","100 Level","Less than 1 year","3-4","Fair","Very Poor","Fair","Very Good","Poor","Fair","Good","2-3 times","2-3 times","Yes","Immediately (within a day)","Strongly Agree","Strongly Agree","Strongly Agree","Agree","Neutral","Moderate effect","Slight effect","Satisfied","Toilets and bathrooms",""
"2026/09/21 4:43:06 PM GMT+1","Female","100 Level","Less than 1 year","5-6","Fair","Poor","Fair","Good","Fair","Good","Fair","More than 5 times","4-5 times","Yes","Within a month","Agree","Neutral","Agree","Neutral","Neutral","Slight effect","Moderate effect","Neutral","Toilets and bathrooms",""
"2026/09/21 5:03:08 PM GMT+1","Female","400 Level","Less than 1 year","2","Poor","Very Poor","Very Poor","Poor","Very Poor","Very Poor","Poor","More than 5 times","More than 5 times","No","Within a week","Strongly Agree","Strongly Agree","Agree","Neutral","Agree","Strong effect","Very strong effect","Dissatisfied","Electricity or wiring","Because it affects students the most and the hardest"
"2026/09/21 5:34:25 PM GMT+1","Female","500 Level","3-4 years","3-4","Very Poor","Very Poor","Poor","Fair","Fair","Poor","Fair","More than 5 times","More than 5 times","Yes","Within a week","Disagree","Agree","Neutral","Agree","Strongly Disagree","Moderate effect","Moderate effect","Dissatisfied","Toilets and bathrooms","Toilet and Bathroom needs to be fixed urgently "
"2026/09/21 5:45:48 PM GMT+1","Male","100 Level","Less than 1 year","3-4","Fair","Fair","Fair","Good","Fair","Fair","Good","4-5 times","More than 5 times","Yes","Within a week","Agree","Strongly Agree","Agree","Agree","Neutral","Slight effect","Moderate effect","Neutral","Toilets and bathrooms",""
"2026/09/21 5:50:31 PM GMT+1","Female","100 Level","Less than 1 year","5-6","Fair","Very Poor","Fair","Good","Fair","Poor","Fair","2-3 times","Once","Yes","Within a month","Agree","Neutral","Agree","Agree","Strongly Agree","Moderate effect","Moderate effect","Dissatisfied","Toilets and bathrooms","They did tap in each bathroom just for publicity 
It doesn’t work at all "
"2026/09/21 5:59:41 PM GMT+1","Female","100 Level","Less than 1 year","5-6","Fair","Poor","Good","Good","Fair","Good","Good","Never","4-5 times","Yes","Within a month","Strongly Agree","Agree","Agree","Strongly Agree","Strongly Agree","Slight effect","Moderate effect","Neutral","Overcrowding",""
"2026/09/21 6:14:54 PM GMT+1","Male","500 Level","1-2 years","3-4","Fair","Very Poor","Fair","Fair","Very Poor","Poor","Very Poor","4-5 times","2-3 times","Yes","Within a week","Strongly Agree","Neutral","Neutral","Neutral","Neutral","Moderate effect","Strong effect","Dissatisfied","Electricity or wiring",""
"2026/09/21 6:16:25 PM GMT+1","Male","500 Level","1-2 years","3-4","Good","Fair","Good","Good","Good","Good","Good","2-3 times","2-3 times","Yes","Within a week","Strongly Agree","Strongly Agree","Strongly Agree","Strongly Disagree","Strongly Agree","Strong effect","Strong effect","Satisfied","Toilets and bathrooms","Everyone has to make use of it at least once a day, and it's can cause health challenges if not in good condition "
"2026/09/21 6:23:26 PM GMT+1","Male","500 Level","1-2 years","3-4","Fair","Very Poor","Poor","Very Good","Good","Poor","Good","4-5 times","2-3 times","Yes","Within a month","Strongly Agree","Agree","Neutral","Agree","Disagree","Moderate effect","Moderate effect","Dissatisfied","Toilets and bathrooms",""
"2026/09/21 6:24:07 PM GMT+1","Male","M.Sc 1","More than 4 years","3-4","Fair","Fair","Good","Good","Fair","Good","Good","2-3 times","More than 5 times","No","Immediately (within a day)","Agree","Strongly Agree","Strongly Agree","Neutral","Neutral","Slight effect","Slight effect","Dissatisfied","Plumbing and drainage","Because water pile up sometimes in bathroom spaces"
"2026/09/21 6:29:02 PM GMT+1","Male","500 Level","More than 4 years","2","Fair","Poor","Good","Fair","Very Poor","Fair","Fair","Never","4-5 times","Yes","Within a week","Neutral","Agree","Agree","Neutral","Neutral","Slight effect","Slight effect","Neutral","Toilets and bathrooms","You should know"
"2026/09/21 6:29:21 PM GMT+1","Female","500 Level","More than 4 years","3-4","Fair","Poor","Fair","Poor","Poor","Very Poor","Fair","More than 5 times","More than 5 times","Yes","Within a week","Agree","Neutral","Agree","Disagree","Disagree","Very strong effect","Very strong effect","Very Dissatisfied","Cleanliness and waste disposal","The dirtiness in this hostel is second to none. It really exposes the inhabitants to a lot of diseases."
"2026/09/21 6:39:49 PM GMT+1","Female","Graduate ","More than 4 years","5-6","Fair","Very Poor","Fair","Fair","Fair","Fair","Fair","4-5 times","4-5 times","Yes","After several months","Agree","Agree","Agree","Agree","Neutral","Moderate effect","Slight effect","Neutral","Toilets and bathrooms",""
"2026/09/21 6:47:07 PM GMT+1","Female","500 Level","3-4 years","3-4","Fair","Fair","Fair","Fair","Fair","Fair","Fair","2-3 times","2-3 times","Yes","Within a week","Strongly Agree","Strongly Agree","Strongly Agree","Strongly Agree","Strongly Agree","Very strong effect","Very strong effect","Neutral","Toilets and bathrooms","The Toilets are currently in very bad and poor States and needs urgent attention. The water closets needs replacement and even water needs to run in most of the restrooms which is currently not the condition."
"2026/09/21 6:48:02 PM GMT+1","Female","300 Level","1-2 years","5-6","Poor","Very Poor","Fair","Fair","Very Poor","Very Poor","Fair","Once","Once","Yes","Within a month","Agree","Agree","Agree","Agree","Agree","Slight effect","Moderate effect","Neutral","Toilets and bathrooms",""
"2026/09/21 7:01:20 PM GMT+1","Male","100 Level","Less than 1 year","3-4","Fair","Very Poor","Fair","Fair","Poor","Very Poor","Good","4-5 times","More than 5 times","No","Within a month","Strongly Agree","Strongly Agree","Disagree","Disagree","Strongly Disagree","Strong effect","Very strong effect","Dissatisfied","Toilets and bathrooms",""
"2026/09/21 7:04:34 PM GMT+1","Male","100 Level","Less than 1 year","7 or more","Poor","Very Poor","Poor","Poor","Poor","Poor","Poor","More than 5 times","More than 5 times","Yes","Within a month","Strongly Agree","Strongly Agree","Strongly Agree","Agree","Strongly Agree","Slight effect","Very strong effect","Very Dissatisfied","Toilets and bathrooms",""
"2026/09/21 7:09:09 PM GMT+1","Female","100 Level","Less than 1 year","5-6","Poor","Very Poor","Poor","Fair","Poor","Poor","Fair","4-5 times","4-5 times","No","Within a month","Strongly Agree","Strongly Agree","Neutral","Strongly Agree","Disagree","No effect","Strong effect","Very Dissatisfied","Toilets and bathrooms","Very very bad and spoilt bathroom and toilet, especially. "
"2026/09/21 7:12:38 PM GMT+1","Female","300 Level","1-2 years","5-6","Poor","Very Poor","Fair","Fair","Fair","Fair","Fair","2-3 times","2-3 times","Yes","Within a month","Agree","Neutral","Neutral","Agree","Strongly Agree","No effect","Very strong effect","Very Dissatisfied","Every single thing. The whole system is terrible","Toilet and bathroom "
"2026/09/21 7:33:29 PM GMT+1","Male","100 Level","Less than 1 year","3-4","Poor","Very Poor","Good","Fair","Poor","Very Poor","Good","4-5 times","More than 5 times","Yes","Within a week","Neutral","Disagree","Disagree","Disagree","Neutral","Slight effect","Strong effect","Dissatisfied","Bedbugs,toilets,bathrooms ",""
"2026/09/21 7:41:52 PM GMT+1","Male","500 Level","Less than 1 year","3-4","Poor","Very Poor","Fair","Fair","Poor","Poor","Fair","More than 5 times","More than 5 times","Yes","After several months","Strongly Agree","Disagree","Agree","Disagree","Strongly Agree","Very strong effect","Very strong effect","Very Dissatisfied","Toilets and bathrooms",""
"2026/09/21 8:03:54 PM GMT+1","Female","400 Level","1-2 years","3-4","Fair","Poor","Good","Good","Fair","Poor","Fair","4-5 times","More than 5 times","Yes","Within a week","Strongly Agree","Strongly Agree","Agree","Neutral","Neutral","Moderate effect","Moderate effect","Dissatisfied","Toilets and bathrooms",""
"2026/09/21 8:13:19 PM GMT+1","Female","200 Level","1-2 years","2","Poor","Very Poor","Good","Fair","Poor","Fair","Good","2-3 times","More than 5 times","No","Within a week","Strongly Agree","Agree","Agree","Agree","Agree","Slight effect","Moderate effect","Very Dissatisfied","Toilets and bathrooms",""
"2026/09/21 8:20:09 PM GMT+1","Male","400 Level","3-4 years","3-4","Fair","Very Poor","Good","Very Good","Fair","Good","Poor","4-5 times","Once","Yes","Within a month","Strongly Agree","Strongly Agree","Strongly Agree","Neutral","Neutral","Slight effect","Strong effect","Dissatisfied","Toilets and bathrooms","Health is wealth "
"2026/09/21 8:44:18 PM GMT+1","Female","200 Level","Less than 1 year","5-6","Fair","Very Poor","Poor","Fair","Poor","Poor","Fair","More than 5 times","More than 5 times","No","Within a week","Neutral","Disagree","Agree","Agree","Disagree","Strong effect","Strong effect","Dissatisfied","Toilets and bathrooms","Nil"
"2026/09/21 8:47:19 PM GMT+1","Female","100 Level","Less than 1 year","5-6","Very Good","Fair","Poor","Good","Fair","Good","Very Good","2-3 times","4-5 times","No","Within a week","Agree","Strongly Agree","Agree","Neutral","Neutral","Slight effect","Slight effect","Satisfied","Water supply",""
"2026/09/21 9:04:53 PM GMT+1","Male","500 Level","More than 4 years","2","Fair","Very Poor","Fair","Fair","Poor","Poor","Fair","More than 5 times","More than 5 times","No","After several months","Strongly Agree","Neutral","Strongly Agree","Strongly Disagree","Strongly Agree","Very strong effect","Very strong effect","Neutral","Toilets and bathrooms","This has to do with the health of students "
"2026/09/21 9:32:03 PM GMT+1","Male","Graduate ","3-4 years","2","Fair","Poor","Good","Good","Good","Fair","Fair","2-3 times","More than 5 times","Yes","Immediately (within a day)","Neutral","Neutral","Agree","Agree","Neutral","Moderate effect","Slight effect","Neutral","Overcrowding",""
"2026/09/21 9:37:37 PM GMT+1","Female","300 Level","1-2 years","5-6","Good","Good","Poor","Fair","Poor","Poor","Good","2-3 times","2-3 times","Yes","Within a week","Strongly Agree","Strongly Agree","Agree","Agree","Agree","Strong effect","Moderate effect","Satisfied","Water supply","Because water is the essential thing"
"2026/09/21 10:02:00 PM GMT+1","Male","400 Level","Less than 1 year","5-6","Poor","Very Poor","Poor","Fair","Very Poor","Very Poor","Very Poor","2-3 times","Once","Yes","Within a week","Agree","Agree","Agree","Strongly Disagree","Disagree","Strong effect","Strong effect","Dissatisfied","Toilets and bathrooms",""
"2026/09/21 11:01:01 PM GMT+1","Male","500 Level","More than 4 years","3-4","Fair","Poor","Poor","Poor","Very Poor","Fair","Poor","More than 5 times","More than 5 times","Yes","Within a week","Strongly Agree","Agree","Strongly Agree","Disagree","Agree","Moderate effect","Strong effect","Dissatisfied","Toilets and bathrooms",""
"2026/09/21 11:42:42 PM GMT+1","Male","500 Level","Less than 1 year","3-4","Fair","Very Poor","Good","Good","Fair","Fair","Fair","Once","2-3 times","Yes","Within a month","Strongly Agree","Strongly Agree","Agree","Strongly Disagree","Neutral","Moderate effect","Strong effect","Dissatisfied","Toilets and bathrooms",""
"2026/09/22 7:06:59 AM GMT+1","Male","200 Level","Less than 1 year","3-4","Fair","Poor","Good","Good","Fair","Poor","Fair","Once","Once","Yes","Immediately (within a day)","Neutral","Agree","Strongly Agree","Disagree","Neutral","Slight effect","Slight effect","Dissatisfied","Toilets and bathrooms","The bathroom and toilet is very bad "
"2026/09/22 7:17:11 AM GMT+1","Female","400 Level","Less than 1 year","5-6","Fair","Fair","Fair","Poor","Fair","Good","Good","2-3 times","More than 5 times","Yes","Within a week","Strongly Agree","Agree","Agree","Agree","Agree","Strong effect","Moderate effect","Satisfied","Electricity or wiring","Because it affects students especially during test or examination "
"2026/09/22 9:41:27 AM GMT+1","Male","500 Level","3-4 years","3-4","Poor","Very Poor","Fair","Poor","Poor","Poor","Very Poor","2-3 times","2-3 times","Yes","Within a month","Agree","Strongly Agree","Strongly Agree","Agree","Neutral","Slight effect","Slight effect","Dissatisfied","Overcrowding","Overcrowding in halls puts pressure on hall facilities leading to rapid deterioration and disorder "
"2026/09/22 10:43:59 AM GMT+1","Male","500 Level","More than 4 years","7 or more","Poor","Very Poor","Good","Fair","Fair","Poor","Good","Once","2-3 times","Yes","Within a month","Agree","Strongly Agree","Strongly Agree","Strongly Disagree","Neutral","Moderate effect","Strong effect","Dissatisfied","Toilets and bathrooms","The health risk is more in the conveniences area"
"2026/09/22 7:50:14 PM GMT+1","Male","500 Level","3-4 years","3-4","Fair","Poor","Good","Poor","Poor","Fair","Fair","2-3 times","4-5 times","No","Immediately (within a day)","Agree","Strongly Agree","Strongly Agree","Neutral","Neutral","Moderate effect","Moderate effect","Neutral","Toilets and bathrooms","Because proper hygiene is needed for the health of the hall residents "
"2026/09/22 11:16:16 PM GMT+1","Male","500 Level","3-4 years","2","Fair","Poor","Poor","Good","Poor","Fair","Fair","2-3 times","More than 5 times","Yes","After several months","Strongly Agree","Strongly Agree","Agree","Disagree","Agree","Strong effect","Strong effect","Dissatisfied","Water supply",""
"2026/09/23 3:29:44 AM GMT+1","Female","400 Level","3-4 years","3-4","Good","Poor","Good","Fair","Fair","Poor","Fair","2-3 times","2-3 times","Yes","Within a week","Neutral","Neutral","Neutral","Neutral","Neutral","Slight effect","Slight effect","Dissatisfied","Toilets and bathrooms",""
"2026/09/23 10:34:32 AM GMT+1","Male","400 Level","3-4 years","2","Good","Good","Good","Good","Good","Good","Good","More than 5 times","More than 5 times","Yes","Within a week","Strongly Agree","Strongly Agree","Agree","Agree","Neutral","Strong effect","Strong effect","Very Satisfied","Toilets and bathrooms","Fixing of toilet and bathroom."
"2026/09/23 11:00:09 PM GMT+1","Female","400 Level","3-4 years","3-4","Fair","Fair","Fair","Poor","Good","Fair","Fair","Once","More than 5 times","No","Within a week","Agree","Agree","Strongly Agree","Strongly Agree","Agree","Strong effect","Slight effect","Dissatisfied","Cleanliness and waste disposal",""
"2026/09/23 11:30:37 PM GMT+1","Female","400 Level","3-4 years","3-4","Poor","Fair","Poor","Good","Poor","Good","Good","2-3 times","4-5 times","Yes","Within a week","Strongly Agree","Strongly Agree","Disagree","Strongly Agree","Neutral","Very strong effect","Very strong effect","Dissatisfied","Bedbug infestation ","It's affecting a lot of students sleep which has a huge impact on health and academic performance "
"2026/09/24 7:40:58 PM GMT+1","Male","400 Level","3-4 years","3-4","Fair","Poor","Fair","Fair","Very Poor","Fair","Fair","More than 5 times","More than 5 times","Yes","Within a week","Agree","Agree","Agree","Neutral","Neutral","Moderate effect","Moderate effect","Dissatisfied","Toilets and bathrooms",""
"2026/09/25 6:48:44 AM GMT+1","Female","400 Level","1-2 years","3-4","Fair","Fair","Fair","Fair","Fair","Fair","Fair","4-5 times","4-5 times","No","Within a week","Neutral","Neutral","Neutral","Neutral","Neutral","Moderate effect","Moderate effect","Neutral","Toilets and bathrooms","Toilet and bathroom fixing "
"2026/09/25 8:47:16 PM GMT+1","Male","500 Level","More than 4 years","3-4","Good","Very Poor","Fair","Poor","Very Poor","Very Poor","Fair","More than 5 times","More than 5 times","No","Within a month","Strongly Agree","Strongly Agree","Strongly Agree","Strongly Agree","Strongly Agree","Moderate effect","Moderate effect","Dissatisfied","Toilets and bathrooms","It is not healthy "
"2026/09/27 7:01:18 AM GMT+1","Male","500 Level","More than 4 years","2","Good","Poor","Fair","Fair","Poor","Fair","Fair","2-3 times","2-3 times","Yes","After several months","Strongly Agree","Neutral","Agree","Neutral","Strongly Agree","Very strong effect","Very strong effect","Dissatisfied","Toilets and bathrooms","Because it's has to do with health of students "
"2026/09/27 10:37:04 PM GMT+1","Male","600","More than 4 years","5-6","Very Poor","Very Poor","Very Poor","Poor","Very Poor","Very Poor","Very Poor","More than 5 times","More than 5 times","Yes","Never fixed","Neutral","Strongly Disagree","Strongly Disagree","Strongly Disagree","Agree","Moderate effect","Moderate effect","Very Dissatisfied","Plumbing and drainage","Most construction are obsolete,they need reconstruction to allow water drainage seeing number of persons per room and floor or blocks have significantly  increased unlike earlier when the whole building was constructed in mid 19s"
"2026/09/27 10:43:09 PM GMT+1","Female","100 Level","Less than 1 year","5-6","Good","Fair","Very Good","Very Good","Fair","Very Good","Very Good","2-3 times","2-3 times","No","Within a week","Strongly Agree","Strongly Agree","Strongly Agree","Strongly Disagree","Neutral","Slight effect","Slight effect","Satisfied","Roofing or leaks",""
"2026/09/27 10:45:39 PM GMT+1","Female","600","More than 4 years","3-4","Fair","Fair","Fair","Fair","Fair","Fair","Fair","2-3 times","More than 5 times","Yes","Within a week","Agree","Agree","Agree","Agree","Neutral","Slight effect","Slight effect","Satisfied","Doors, windows or locks",""
"2026/09/27 10:46:19 PM GMT+1","Male","400 Level","1-2 years","3-4","Fair","Poor","Poor","Poor","Poor","Poor","Poor","2-3 times","More than 5 times","Yes","Within a week","Strongly Agree","Strongly Agree","Strongly Agree","Strongly Agree","Strongly Agree","Strong effect","Strong effect","Dissatisfied","Toilets and bathrooms",""
"2026/09/27 10:46:20 PM GMT+1","Female","500 Level","More than 4 years","3-4","Good","Poor","Fair","Good","Poor","Poor","Poor","4-5 times","More than 5 times","Yes","Within a month","Strongly Agree","Neutral","Neutral","Neutral","Neutral","Strong effect","Strong effect","Dissatisfied","Toilets and bathrooms",""
"2026/09/27 10:46:51 PM GMT+1","Female","100 Level","Less than 1 year","5-6","Fair","Poor","Poor","Poor","Poor","Fair","Poor","More than 5 times","More than 5 times","Yes","After several months","Strongly Agree","Neutral","Agree","Agree","Neutral","Moderate effect","Strong effect","Very Dissatisfied","Electricity or wiring",""
"2026/09/27 10:58:41 PM GMT+1","Male","400 Level","Less than 1 year","5-6","Poor","Very Poor","Poor","Fair","Poor","Poor","Fair","More than 5 times","More than 5 times","Yes","Within a month","Strongly Agree","Disagree","Agree","Neutral","Disagree","Slight effect","Slight effect","Neutral","Toilets and bathrooms","Fire safety "
"2026/09/28 12:55:16 AM GMT+1","Male","500 Level","3-4 years","3-4","Good","Poor","Fair","Fair","Fair","Poor","Fair","2-3 times","4-5 times","Yes","Within a week","Neutral","Agree","Agree","Neutral","Agree","Strong effect","Strong effect","Dissatisfied","Toilets and bathrooms",""
"2026/09/28 6:26:07 AM GMT+1","Female","600 Level","More than 4 years","3-4","Fair","Fair","Good","Good","Fair","Good","Good","4-5 times","2-3 times","Yes","Within a week","Strongly Agree","Strongly Agree","Strongly Agree","Agree","Strongly Agree","Very strong effect","Very strong effect","Neutral","Cleanliness and waste disposal","Water supply to the top most floors regularly "
"2026/09/28 8:47:56 AM GMT+1","Male","100 Level","Less than 1 year","3-4","Poor","Very Poor","Fair","Fair","Fair","Poor","Good","More than 5 times","More than 5 times","No","Within a week","Neutral","Neutral","Agree","Agree","Disagree","Strong effect","Very strong effect","Dissatisfied","Toilets and bathrooms",""
"2026/09/28 1:08:05 PM GMT+1","Female","100 Level","Less than 1 year","1","Fair","Fair","Fair","Fair","Fair","Poor","Good","Never","Once","No","Immediately (within a day)","Neutral","Strongly Disagree","Disagree","Strongly Disagree","Disagree","No effect","No effect","Neutral","Toilets and bathrooms",""
"2026/09/28 1:09:50 PM GMT+1","Female","400 Level","Less than 1 year","3-4","Poor","Very Poor","Very Poor","Poor","Poor","Very Poor","Poor","More than 5 times","More than 5 times","No","Within a week","Strongly Agree","Strongly Agree","Strongly Agree","Strongly Disagree","Neutral","Strong effect","Strong effect","Dissatisfied","Toilets and bathrooms",""
"2026/09/28 1:11:15 PM GMT+1","Male","400 Level","3-4 years","3-4","Poor","Very Poor","Poor","Very Good","Fair","Good","Good","4-5 times","2-3 times","Yes","Within a week","Strongly Agree","Strongly Agree","Strongly Agree","Neutral","Neutral","Moderate effect","Strong effect","Dissatisfied","Toilets and bathrooms","The toilets are absolutely nothing to write home about. As in the state of them are horrendous!! To even picture them in my head makes me wants to throw up."
"2026/09/28 1:11:42 PM GMT+1","Female","300 Level","1-2 years","5-6","Fair","Poor","Good","Fair","Fair","Poor","Fair","2-3 times","2-3 times","Yes","Within a month","Agree","Agree","Agree","Neutral","Agree","Moderate effect","Moderate effect","Neutral","Toilets and bathrooms","Slipping, pooled dirty water, infection et al
"
"2026/09/28 1:11:47 PM GMT+1","Male","500 Level","More than 4 years","5-6","Poor","Very Poor","Fair","Fair","Fair","Good","Good","More than 5 times","More than 5 times","No","Within a week","Strongly Agree","Strongly Agree","Strongly Agree","Disagree","Disagree","Moderate effect","Strong effect","Neutral","Toilets and bathrooms","The toilet I'm our floor has been bad for more than a session now, there hasn't been a solution "
"2026/09/28 1:12:18 PM GMT+1","Male","500 Level","Less than 1 year","2","Good","Very Poor","Good","Good","Fair","Poor","Fair","More than 5 times","More than 5 times","No","Within a week","Agree","Agree","Agree","Disagree","Agree","Very strong effect","Very strong effect","Very Dissatisfied","Toilets and bathrooms","It’s disgusting. "
"2026/09/28 1:15:19 PM GMT+1","Male","graduated ","3-4 years","3-4","Very Poor","Very Poor","Very Poor","Very Poor","Very Poor","Very Poor","Very Poor","More than 5 times","More than 5 times","No","Within a week","Strongly Agree","Strongly Agree","Strongly Agree","Agree","Strongly Agree","Strong effect","Strong effect","Very Dissatisfied","Toilets and bathrooms",""
"2026/09/28 1:16:05 PM GMT+1","Female","500 Level","3-4 years","3-4","Poor","Very Poor","Poor","Poor","Very Poor","Poor","Poor","4-5 times","4-5 times","Yes","Within a month","Agree","Neutral","Agree","Disagree","Disagree","Moderate effect","Moderate effect","Dissatisfied","Electricity or wiring","Electricity affects all part of life eh water studies, etc"
"2026/09/28 1:23:02 PM GMT+1","Female","200 Level","1-2 years","2","Poor","Poor","Fair","Good","Fair","Poor","Fair","2-3 times","2-3 times","Yes","After several months","Disagree","Agree","Agree","Agree","Disagree","Moderate effect","Strong effect","Very Dissatisfied","Water supply","This is because shortage of water has become a norm in my hostel which is very disheartening."
"2026/09/28 1:26:27 PM GMT+1","Male","300 Level","1-2 years","3-4","Fair","Fair","Good","Fair","Fair","Fair","Fair","2-3 times","2-3 times","No","Within a month","Strongly Agree","Agree","Strongly Agree","Strongly Agree","Agree","Slight effect","No effect","Neutral","Toilets and bathrooms",""
"2026/09/28 1:27:48 PM GMT+1","Female","400 Level","1-2 years","3-4","Good","Fair","Good","Good","Good","Fair","Fair","2-3 times","2-3 times","Yes","Within a month","Agree","Neutral","Agree","Neutral","Agree","Slight effect","Slight effect","Neutral","Plumbing and drainage",""
"2026/09/28 1:29:00 PM GMT+1","Male","300 Level","1-2 years","3-4","Good","Fair","Good","Fair","Fair","Good","Good","4-5 times","4-5 times","Yes","Within a month","Agree","Neutral","Agree","Neutral","Agree","Slight effect","Moderate effect","Satisfied","Electricity or wiring",""
"2026/09/28 1:29:15 PM GMT+1","Female","200 Level","1-2 years","5-6","Fair","Very Poor","Fair","Good","Poor","Very Poor","Fair","2-3 times","4-5 times","Yes","Within a month","Strongly Agree","Strongly Agree","Strongly Agree","Disagree","Neutral","Slight effect","Slight effect","Very Dissatisfied","Toilets and bathrooms","The bathrooms in my block are licking and the toilets are not really good "
"2026/09/28 1:29:39 PM GMT+1","Female","300 Level","1-2 years","5-6","Fair","Poor","Good","Very Good","Good","Fair","Good","4-5 times","2-3 times","No","Within a month","Agree","Neutral","Neutral","Strongly Disagree","Disagree","Moderate effect","Moderate effect","Neutral","Toilets and bathrooms",""
"2026/09/28 1:30:17 PM GMT+1","Male","400 Level","Less than 1 year","3-4","Poor","Very Poor","Poor","Poor","Very Poor","Very Poor","Very Poor","Once","More than 5 times","No","Within a week","Strongly Agree","Strongly Agree","Strongly Agree","Neutral","Neutral","Very strong effect","Very strong effect","Very Dissatisfied","bed bugs ","bedbugs, overcrowding, running water, "
"2026/09/28 1:30:17 PM GMT+1","Female","200 Level","1-2 years","3-4","Good","Fair","Good","Fair","Good","Fair","Good","2-3 times","Once","Yes","Within a month","Strongly Agree","Agree","Strongly Agree","Agree","Strongly Agree","No effect","Slight effect","Neutral","Plumbing and drainage",""
"2026/09/28 1:31:57 PM GMT+1","Female","200 Level","1-2 years","5-6","Poor","Very Poor","Fair","Fair","Very Poor","Very Poor","Poor","2-3 times","2-3 times","Yes","Within a month","Strongly Agree","Strongly Agree","Strongly Agree","Strongly Agree","Strongly Agree","Slight effect","Slight effect","Very Dissatisfied","Toilets and bathrooms","Bathrooms are licking and toilets are bad "
"2026/09/28 1:32:04 PM GMT+1","Male","400 Level","3-4 years","3-4","Good","Poor","Fair","Fair","Poor","Fair","Poor","2-3 times","4-5 times","Yes","Within a month","Strongly Agree","Agree","Neutral","Agree","Agree","Slight effect","Moderate effect","Neutral","Toilets and bathrooms",""
"2026/09/28 1:33:03 PM GMT+1","Male","100 Level","Less than 1 year","3-4","Good","Fair","Good","Very Good","Good","Fair","Very Good","4-5 times","4-5 times","No","After several months","Neutral","Neutral","Disagree","Neutral","Agree","Moderate effect","Moderate effect","Neutral","Doors, windows or locks",""
"2026/09/28 1:33:35 PM GMT+1","Male","300 Level","1-2 years","2","Good","Fair","Good","Fair","Fair","Good","Fair","2-3 times","Once","No","Within a month","Strongly Agree","Agree","Strongly Agree","Agree","Strongly Agree","No effect","Slight effect","Satisfied","Toilets and bathrooms",""
"2026/09/28 1:38:44 PM GMT+1","Female","400 Level","Less than 1 year","3-4","Very Poor","Very Poor","Very Poor","Good","Very Poor","Very Poor","Very Poor","Once","2-3 times","Yes","After several months","Strongly Agree","Strongly Agree","Strongly Agree","Strongly Disagree","Strongly Agree","Strong effect","Very strong effect","Very Dissatisfied","Toilets and bathrooms","Because it’s an essential for wellness and overall hygiene "
"2026/09/28 1:40:14 PM GMT+1","Male","200 Level","1-2 years","3-4","Poor","Very Poor","Fair","Poor","Very Poor","Fair","Fair","2-3 times","4-5 times","No","Within a week","Strongly Agree","Neutral","Neutral","Disagree","Disagree","Strong effect","Very strong effect","Very Dissatisfied","Toilets and bathrooms","Toilets and bathrooms are almost unusable with how they ard most of the time "
"2026/09/28 1:40:50 PM GMT+1","Female","500 Level","1-2 years","5-6","Poor","Poor","Poor","Poor","Poor","Poor","Poor","2-3 times","4-5 times","Yes","After several months","Strongly Agree","Neutral","Neutral","Neutral","Disagree","Moderate effect","Strong effect","Dissatisfied","Toilets and bathrooms",""
"2026/09/28 1:44:39 PM GMT+1","Female","200 Level","1-2 years","5-6","Fair","Poor","Good","Good","Fair","Good","Very Good","More than 5 times","More than 5 times","Yes","Within a month","Agree","Neutral","Neutral","Agree","Neutral","Slight effect","Slight effect","Satisfied","Overcrowding","Our hall warden is already doing all great job at Idia,I can't think of one at the moment. "
"2026/09/28 1:44:40 PM GMT+1","Female","100 Level","Less than 1 year","5-6","Fair","Poor","Fair","Fair","Poor","Poor","Fair","More than 5 times","More than 5 times","Yes","Within a month","Agree","Agree","Neutral","Neutral","Neutral","Slight effect","Strong effect","Dissatisfied","Toilets and bathrooms",""
"2026/09/28 1:45:51 PM GMT+1","Female","100 Level","Less than 1 year","5-6","Good","Poor","Very Good","Good","Poor","Fair","Fair","2-3 times","2-3 times","No","Within a month","Strongly Agree","Agree","Disagree","Neutral","Neutral","Moderate effect","Moderate effect","Dissatisfied","The use of stove",""
"2026/09/28 1:49:06 PM GMT+1","Male","500 Level","1-2 years","5-6","Very Good","Very Poor","Very Poor","Fair","Very Poor","Very Poor","Very Poor","More than 5 times","More than 5 times","No","Within a week","Strongly Agree","Strongly Agree","Strongly Agree","Strongly Disagree","Neutral","Very strong effect","Very strong effect","Very Dissatisfied","Water supply",""
"2026/09/28 1:49:53 PM GMT+1","Female","100 Level","Less than 1 year","3-4","Fair","Poor","Fair","Fair","Poor","Poor","Fair","4-5 times","More than 5 times","Yes","Within a week","Agree","Strongly Agree","Agree","Agree","Neutral","Moderate effect","Slight effect","Neutral","Everything if possible ","Because it all matters "
"2026/09/28 1:50:38 PM GMT+1","Female","400 Level","3-4 years","3-4","Fair","Poor","Fair","Fair","Fair","Poor","Good","Once","2-3 times","Yes","Immediately (within a day)","Strongly Agree","Agree","Strongly Agree","Agree","Neutral","Moderate effect","Strong effect","Neutral","Cleanliness and waste disposal",""
"2026/09/28 1:52:25 PM GMT+1","Female","Graduated","1-2 years","5-6","Fair","Fair","Fair","Fair","Fair","Fair","Poor","2-3 times","2-3 times","No","Within a month","Strongly Agree","Neutral","Agree","Disagree","Disagree","Moderate effect","Moderate effect","Very Dissatisfied","Toilets and bathrooms",""
"2026/09/28 1:55:39 PM GMT+1","Male","400 Level","3-4 years","3-4","Good","Fair","Good","Good","Fair","Fair","Good","Once","Once","No","Within a month","Agree","Agree","Neutral","Neutral","Neutral","Moderate effect","Moderate effect","Satisfied","Toilets and bathrooms",""
"2026/09/28 1:55:41 PM GMT+1","Male","500 Level","Less than 1 year","2","Fair","Poor","Fair","Fair","Fair","Good","Fair","Once","2-3 times","Yes","Within a month","Strongly Agree","Neutral","Neutral","Disagree","Disagree","Strong effect","Moderate effect","Neutral","Toilets and bathrooms",""
"2026/09/28 1:57:23 PM GMT+1","Female","200 Level","1-2 years","5-6","Fair","Poor","Fair","Fair","Fair","Poor","Fair","More than 5 times","More than 5 times","Yes","Within a week","Agree","Agree","Agree","Agree","Disagree","Moderate effect","Moderate effect","Very Dissatisfied","Toilets and bathrooms","Cause The Toilets are always so dirty,Student use them badly and Its not Healthy for me"
"2026/09/28 1:58:30 PM GMT+1","Female","400 Level","3-4 years","3-4","Fair","Fair","Fair","Fair","Fair","Fair","Fair","4-5 times","2-3 times","No","After several months","Strongly Agree","Strongly Agree","Strongly Agree","Strongly Agree","Strongly Agree","Strong effect","Strong effect","Neutral","Roofing or leaks",""
"2026/09/28 1:59:30 PM GMT+1","Male","300 Level","1-2 years","3-4","Fair","Poor","Fair","Fair","Poor","Poor","Poor","2-3 times","Once","Yes","Within a week","Strongly Agree","Agree","Agree","Disagree","Agree","Strong effect","Strong effect","Neutral","Cleanliness and waste disposal",""
"2026/09/28 2:03:54 PM GMT+1","Male","400 Level","3-4 years","3-4","Fair","Very Poor","Fair","Fair","Fair","Poor","Fair","4-5 times","4-5 times","Yes","Within a week","Agree","Disagree","Agree","Strongly Disagree","Neutral","Moderate effect","Moderate effect","Dissatisfied","Toilets and bathrooms",""
"2026/09/28 2:05:19 PM GMT+1","Male","400 Level","3-4 years","3-4","Poor","Poor","Very Poor","Poor","Fair","Poor","Poor","2-3 times","Once","Yes","Immediately (within a day)","Agree","Neutral","Agree","Agree","Agree","Slight effect","Slight effect","Neutral","Water supply",""
"2026/09/28 2:06:36 PM GMT+1","Male","500 Level","3-4 years","5-6","Poor","Very Poor","Very Poor","Very Poor","Very Poor","Poor","Very Poor","4-5 times","4-5 times","Yes","Within a month","Strongly Agree","Agree","Agree","Agree","Strongly Agree","Very strong effect","Very strong effect","Very Dissatisfied","All the above in fact… most of it is in a state of negligence","This is a learning environment, a living quaters where learning is supposed to take place, the above listed as problems defeat that problem, cuase infections and other health risks and is a distateful place to put individuals to live… especially compared with what is the global standard of campuses in the world "
"2026/09/28 2:13:02 PM GMT+1","Female","400 Level","Less than 1 year","5-6","Poor","Poor","Fair","Fair","Fair","Fair","Fair","2-3 times","2-3 times","Yes","Within a month","Neutral","Neutral","Agree","Agree","Agree","Slight effect","Slight effect","Neutral","Doors, windows or locks","The toilet and the bathroom and the rats "
"2026/09/28 2:17:54 PM GMT+1","Male","Graduate ","1-2 years","3-4","Fair","Very Poor","Fair","Good","Fair","Poor","Fair","More than 5 times","4-5 times","Yes","Within a week","Agree","Agree","Agree","Agree","Agree","Slight effect","Slight effect","Dissatisfied","Toilets and bathrooms","Cause the situations at which the toilets and bathrooms are not really good at all ..i Believe it can be better "
"2026/09/28 2:30:46 PM GMT+1","Male","400 Level","1-2 years","3-4","Fair","Poor","Poor","Fair","Fair","Poor","Fair","4-5 times","More than 5 times","No","Within a week","Strongly Agree","Agree","Neutral","Disagree","Disagree","Moderate effect","Strong effect","Neutral","Toilets and bathrooms",""
"2026/09/28 2:36:37 PM GMT+1","Male","I've graduated","More than 4 years","3-4","Fair","Poor","Very Good","Very Good","Poor","Fair","Very Good","Once","Never","Yes","Within a week","Strongly Disagree","Strongly Agree","Strongly Agree","Strongly Agree","Neutral","Moderate effect","Moderate effect","Satisfied","Doors, windows or locks","It gets broken most times and there's need for it to be repaired because of safety reason."
"2026/09/28 2:42:19 PM GMT+1","Male","200 Level","Less than 1 year","3-4","Poor","Very Poor","Fair","Good","Very Poor","Very Poor","Very Poor","Never","2-3 times","Yes","Within a week","Strongly Agree","Disagree","Neutral","Agree","Agree","No effect","Slight effect","Very Dissatisfied","Water supply","Toilet and all"
"2026/09/28 2:42:23 PM GMT+1","Male","400 Level","1-2 years","3-4","Poor","Poor","Fair","Fair","Poor","Poor","Poor","4-5 times","More than 5 times","Yes","Within a week","Strongly Agree","Agree","Strongly Agree","Neutral","Disagree","Strong effect","Strong effect","Very Dissatisfied","Toilets and bathrooms",""
"2026/09/28 3:10:34 PM GMT+1","Male","500 Level","More than 4 years","1","Poor","Very Poor","Fair","Fair","Poor","Poor","Poor","4-5 times","2-3 times","Yes","Within a week","Strongly Agree","Neutral","Neutral","Agree","Agree","Strong effect","Strong effect","Dissatisfied","Toilets and bathrooms","Toilet and bathroom "
"2026/09/28 3:47:06 PM GMT+1","Male","100 Level","Less than 1 year","3-4","Very Good","Poor","Very Good","Very Good","Very Good","Very Good","Very Good","More than 5 times","More than 5 times","Yes","Within a week","Agree","Agree","Agree","Agree","Agree","No effect","No effect","Satisfied","Toilets and bathrooms","Toilet and bathroom issues is the urgent one right now and it's very important because 100% of students living in the hostel uses these facilities and it's very unhygienic to cope when such places are not properly maintained "
"2026/09/28 4:00:52 PM GMT+1","Male","400 Level","3-4 years","1","Poor","Very Poor","Fair","Poor","Poor","Very Poor","Poor","2-3 times","2-3 times","Yes","Within a month","Agree","Agree","Agree","Agree","Strongly Agree","Slight effect","Moderate effect","Very Dissatisfied","Toilets and bathrooms",""
"2026/09/28 4:08:15 PM GMT+1","Female","200 Level","Less than 1 year","3-4","Fair","Very Poor","Fair","Fair","Poor","Poor","Fair","2-3 times","2-3 times","No","Within a week","Strongly Agree","Strongly Agree","Strongly Agree","Agree","Strongly Agree","Moderate effect","Strong effect","Neutral","Toilets and bathrooms","Toilet and bathrooms should be fixed to avoid toilet infections and to encourage good proper hygiene "
"2026/09/28 4:42:09 PM GMT+1","Female","200 Level","1-2 years","3-4","Poor","Very Poor","Fair","Good","Very Poor","Good","Good","Never","More than 5 times","No","Within a week","Strongly Agree","Neutral","Agree","Neutral","Neutral","Moderate effect","Slight effect","Dissatisfied","Toilets and bathrooms",""
"2026/09/28 4:58:57 PM GMT+1","Female","500 Level","1-2 years","5-6","Poor","Very Poor","Poor","Poor","Very Poor","Very Poor","Very Poor","2-3 times","2-3 times","Yes","Never fixed","Strongly Agree","Strongly Agree","Strongly Agree","Neutral","Agree","Strong effect","Strong effect","Very Dissatisfied","Toilets and bathrooms",""
"2026/09/28 7:15:43 PM GMT+1","Female","100 Level","Less than 1 year","3-4","Fair","Poor","Fair","Fair","Poor","Poor","Fair","4-5 times","4-5 times","No","Within a week","Agree","Agree","Agree","Agree","Neutral","Slight effect","Moderate effect","Neutral","Cleanliness and waste disposal","It makes the environment clean"
"2026/09/28 8:10:41 PM GMT+1","Female","200 Level","Less than 1 year","5-6","Poor","Very Poor","Fair","Fair","Very Poor","Very Poor","Poor","2-3 times","2-3 times","Yes","After several months","Strongly Agree","Agree","Neutral","Strongly Disagree","Strongly Agree","Very strong effect","Strong effect","Dissatisfied","Toilets and bathrooms",""
"2026/09/28 9:44:45 PM GMT+1","Female","200 Level","1-2 years","5-6","Fair","Very Poor","Fair","Poor","Fair","Poor","Poor","4-5 times","More than 5 times","Yes","Within a week","Strongly Agree","Strongly Agree","Strongly Agree","Agree","Neutral","No effect","Moderate effect","Very Dissatisfied","Kitchens","Because we are told not to cook in the Balcony but then the kitchens are not properly maintained, it is not a place meant for cooking and it is unhygienic to cook in such an unventilated area.
"
"2026/09/29 9:26:25 AM GMT+1","Female","500 Level","More than 4 years","5-6","Poor","Very Poor","Poor","Poor","Very Poor","Poor","Poor","4-5 times","More than 5 times","Yes","After several months","Strongly Agree","Strongly Agree","Strongly Agree","Strongly Agree","Strongly Agree","Strong effect","Strong effect","Very Dissatisfied","Water supply",""
"2026/09/29 7:32:08 PM GMT+1","Female","400 Level","1-2 years","3-4","Fair","Very Poor","Fair","Fair","Poor","Poor","Fair","2-3 times","More than 5 times","Yes","Within a week","Strongly Agree","Agree","Agree","Neutral","Strongly Agree","Slight effect","Moderate effect","Dissatisfied","Toilets and bathrooms",""
"2026/09/29 8:33:54 PM GMT+1","Male","500 Level","3-4 years","2","Poor","Poor","Fair","Fair","Poor","Poor","Fair","2-3 times","More than 5 times","Yes","After several months","Agree","Strongly Agree","Agree","Neutral","Neutral","Slight effect","Strong effect","Dissatisfied","Toilets and bathrooms","It is the most urgent problem because it is the main issue at hand at the moment "